"carat";"cut";"color";"clarity";"depth";"table";"price";"x";"y";"z"
0.87;"Ideal";"H";"SI2";62.7;56;2816;6.16;6.13;3.85
2.15;"Very Good";"I";"SI2";63.4;56;12100;8.2;8.15;5.18
2.54;"Ideal";"I";"SI2";61.4;54;12687;8.83;8.78;5.41
0.44;"Ideal";"D";"VS1";61.6;56;1235;4.85;4.92;3.01
1.1;"Good";"E";"SI2";63.3;56;4065;6.53;6.58;4.15
0.4;"Ideal";"J";"VVS2";61.9;55;662;4.74;4.79;2.95
0.71;"Premium";"F";"VS2";62.4;59;2686;5.71;5.66;3.55
0.81;"Premium";"H";"VS1";61.7;58;3107;5.98;5.95;3.68
0.35;"Ideal";"D";"VS2";62.4;57;1063;4.56;4.51;2.83
0.7;"Premium";"E";"SI1";62.9;58;2333;5.68;5.61;3.55
0.25;"Very Good";"E";"VVS1";62.9;59;576;3.99;4.02;2.52
0.36;"Premium";"H";"VS1";61.6;59;810;4.57;4.52;2.8
1.05;"Premium";"G";"VS1";61.1;59;7644;6.6;6.55;4.02
0.3;"Very Good";"H";"VVS2";62;56;559;4.28;4.3;2.66
0.81;"Premium";"F";"SI1";60.3;59;3097;5.98;6.05;3.63
0.5;"Premium";"E";"SI2";59.5;59;1240;5.19;5.16;3.08
1.5;"Very Good";"E";"VS2";61.9;57;11939;7.31;7.38;4.55
0.51;"Ideal";"G";"VS1";61.4;54;1599;5.15;5.18;3.17
1.2;"Ideal";"H";"VS1";62;57;7294;6.69;6.76;4.17
1.7;"Premium";"H";"SI1";61.8;61;11848;7.59;7.52;4.67
1.5;"Very Good";"E";"SI2";63.5;60;6300;7.19;7.12;4.54
1.11;"Premium";"H";"SI2";61.9;59;4973;6.6;6.56;4.07
0.38;"Ideal";"E";"IF";61.4;55;1402;4.68;4.74;2.89
0.7;"Good";"I";"SI1";58.5;61;2276;5.76;5.82;3.39
2.01;"Ideal";"G";"SI2";61.5;55;11602;8.15;8.11;5
1;"Very Good";"F";"VVS2";62.3;57;8772;6.34;6.41;3.97
0.47;"Ideal";"E";"SI2";61.5;55;931;4.98;5.04;3.08
0.75;"Ideal";"F";"SI1";60.8;57;3610;5.87;5.9;3.58
0.52;"Ideal";"D";"SI2";62.5;56;1289;5.08;5.12;3.19
0.9;"Very Good";"I";"VS2";63.1;57;3473;6.12;6.09;3.85
1;"Very Good";"D";"SI2";58.3;61;4543;6.54;6.59;3.83
0.3;"Very Good";"D";"SI2";63;55;447;4.25;4.26;2.68
0.67;"Premium";"G";"VVS2";60.1;60;2658;5.66;5.58;3.38
0.53;"Ideal";"F";"SI1";61.8;56;1360;5.19;5.23;3.22
1;"Very Good";"D";"SI1";61.4;63;6040;6.35;6.41;3.92
0.64;"Ideal";"E";"VVS2";62.1;53;3157;5.51;5.54;3.43
1.26;"Ideal";"G";"VS1";62.3;57;6604;6.93;6.87;4.3
1.21;"Premium";"I";"SI2";59.9;61;4337;6.89;6.85;4.11
1.23;"Premium";"D";"VS2";62.6;52;9257;6.93;6.88;4.32
0.82;"Ideal";"F";"SI2";60.9;57;2966;6.06;6.02;3.68
0.3;"Premium";"E";"VS2";60.4;58;658;4.3;4.34;2.61
0.51;"Ideal";"D";"VS1";62.3;56;1882;5.09;5.12;3.18
0.9;"Good";"J";"VS2";64;61;2822;6.04;6.03;3.86
1.23;"Premium";"D";"SI2";58;59;4470;7.02;6.97;4.06
0.91;"Very Good";"J";"I1";63.1;57;2048;6.12;6.06;3.84
0.31;"Good";"F";"VS2";58.2;58;637;4.46;4.51;2.61
0.41;"Ideal";"I";"IF";61.1;57;953;4.78;4.81;2.93
0.49;"Ideal";"H";"SI2";60.7;56;1190;5.13;5.18;3.13
0.72;"Ideal";"G";"VVS1";62.2;57;3502;5.72;5.75;3.57
0.62;"Very Good";"G";"VS1";60.1;58;2161;5.52;5.54;3.32
1.15;"Premium";"G";"VS2";62.6;58;6557;6.68;6.71;4.19
0.54;"Premium";"I";"IF";58.8;61;1836;5.35;5.29;3.13
0.91;"Premium";"E";"SI2";61.1;59;3703;6.2;6.24;3.8
1.58;"Premium";"G";"VS1";62.1;59;12530;7.43;7.46;4.62
1.03;"Premium";"H";"SI1";60.7;60;4384;6.61;6.53;3.99
1;"Ideal";"I";"SI1";61.4;56;4200;6.45;6.39;3.94
0.31;"Ideal";"G";"VS2";62.1;55;577;4.35;4.38;2.71
0.72;"Very Good";"I";"VS2";61.1;56;2337;5.76;5.79;3.53
0.7;"Good";"F";"VS2";63.8;60;2290;5.61;5.52;3.55
0.7;"Premium";"D";"SI2";62.1;60;2319;5.73;5.71;3.55
0.41;"Very Good";"E";"VVS2";61.6;60;1249;4.75;4.77;2.93
0.31;"Premium";"G";"SI2";62.3;57;523;4.37;4.33;2.71
1.39;"Very Good";"I";"VS1";62.2;57;7893;7.17;7.1;4.44
1.07;"Premium";"G";"SI1";61.6;58;5453;6.6;6.56;4.05
1.13;"Premium";"E";"SI2";60.4;59;5316;6.75;6.7;4.06
0.33;"Ideal";"E";"VVS2";61.8;56;891;4.44;4.46;2.75
0.72;"Premium";"D";"SI2";60.5;58;2670;5.88;5.79;3.53
1.08;"Fair";"J";"SI2";64.9;60;3302;6.46;6.32;4.15
1.03;"Ideal";"J";"SI1";62.3;56;3893;6.51;6.45;4.04
0.72;"Ideal";"H";"SI2";61.4;55;2112;5.81;5.78;3.56
0.32;"Ideal";"G";"VS2";61.5;57;561;4.4;4.41;2.71
1.52;"Ideal";"G";"VVS1";62.4;55;15959;7.3;7.39;4.58
1.26;"Premium";"F";"SI1";62.3;58;6915;6.89;6.84;4.28
1.19;"Very Good";"D";"VVS1";59.4;56;15767;6.95;7;4.14
0.31;"Premium";"E";"VS2";60.5;60;544;4.34;4.39;2.64
1.02;"Premium";"H";"SI1";61.1;58;5084;6.51;6.46;3.96
0.54;"Very Good";"E";"VS2";62.6;60;1426;5.26;5.19;3.27
0.3;"Ideal";"E";"IF";61.7;55;943;4.31;4.34;2.67
0.82;"Premium";"E";"SI2";60.8;60;2824;6.05;6.03;3.67
0.24;"Premium";"D";"VVS2";58.8;58;668;4.08;4.05;2.39
2.16;"Very Good";"H";"SI2";62.3;60;14824;8.19;8.31;5.14
0.75;"Very Good";"E";"VS2";63;57;3718;5.81;5.78;3.65
0.3;"Ideal";"G";"VS2";62.5;53;675;4.3;4.27;2.68
0.61;"Premium";"F";"SI2";60.9;58;1401;5.52;5.44;3.34
1.01;"Ideal";"G";"SI1";63.1;53;5430;6.36;6.42;4.03
0.54;"Ideal";"E";"VS2";61.9;55;1847;5.24;5.2;3.23
1.01;"Premium";"H";"SI2";61.3;59;4355;6.47;6.41;3.95
0.38;"Very Good";"H";"VS2";61.5;55;645;4.66;4.67;2.86
0.41;"Very Good";"H";"VS1";62.8;59;827;4.73;4.64;2.94
0.28;"Very Good";"D";"VVS1";60.4;59;642;4.23;4.25;2.56
0.91;"Premium";"D";"SI2";58.3;60;3511;6.4;6.33;3.71
0.32;"Very Good";"I";"SI2";63.1;58;480;4.41;4.34;2.76
1.5;"Ideal";"G";"SI2";61.4;56;8580;7.34;7.38;4.52
0.35;"Ideal";"E";"IF";62.2;56;1254;4.52;4.51;2.81
1.34;"Very Good";"I";"SI1";61.1;59;6763;7.05;7.12;4.33
0.9;"Premium";"F";"SI1";62.6;62;3437;6.13;6.11;3.83
0.31;"Ideal";"I";"VS2";62;54;452;4.37;4.4;2.72
1.2;"Ideal";"D";"SI1";61.8;58;7508;6.76;6.83;4.2
0.52;"Ideal";"E";"VS2";61.2;56;1689;5.16;5.23;3.18
1.02;"Very Good";"H";"SI2";60.9;58;4039;6.41;6.53;3.94
0.7;"Ideal";"G";"SI2";61.6;57;1814;5.68;5.65;3.49
0.52;"Very Good";"F";"VVS2";62.9;57;2035;5.11;5.13;3.22
0.32;"Ideal";"H";"SI1";61;56;479;4.4;4.42;2.69
0.41;"Very Good";"D";"SI1";63;56;717;4.75;4.8;3.01
0.53;"Premium";"D";"VS2";62.4;59;1783;5.14;5.18;3.22
0.33;"Premium";"E";"VS2";61.1;59;928;4.49;4.45;2.73
0.4;"Ideal";"H";"SI1";62.2;55;1031;4.72;4.76;2.95
1.16;"Premium";"F";"SI2";62.1;59;3787;6.74;6.63;4.15
1.01;"Very Good";"F";"VS1";61;58;6719;6.47;6.54;3.97
0.9;"Good";"G";"VS2";62.1;59;4054;6.02;6.16;3.78
1.14;"Ideal";"G";"VS1";62.5;56;7255;6.69;6.66;4.17
0.3;"Very Good";"E";"VS2";62.6;62;614;4.21;4.25;2.65
1.5;"Good";"J";"SI2";63.7;58;5107;7.19;7.13;4.56
1.01;"Ideal";"H";"SI1";61.2;56;5664;6.44;6.47;3.95
0.91;"Good";"D";"SI1";64;58;3730;6.09;6.06;3.89
1;"Premium";"F";"SI2";62.4;61;4155;6.34;6.32;3.95
0.3;"Premium";"H";"VS1";61;58;526;4.28;4.31;2.62
1.5;"Premium";"F";"VS2";60.9;60;13853;7.42;7.35;4.5
2.34;"Premium";"I";"SI1";61.7;60;15818;8.59;8.53;5.28
1.01;"Premium";"F";"VS2";61.3;61;6271;6.38;6.34;3.9
0.35;"Ideal";"G";"IF";61.8;56;974;4.52;4.57;2.81
1.15;"Very Good";"G";"VS2";62.9;58;6831;6.62;6.7;4.19
2.47;"Ideal";"J";"SI2";62.1;57;15430;8.64;8.57;5.34
1.08;"Very Good";"F";"SI2";62.6;56;4407;6.55;6.61;4.12
1.58;"Premium";"F";"SI2";62.3;60;9290;7.42;7.38;4.61
0.26;"Ideal";"F";"VVS1";62.7;55;814;4.1;4.07;2.56
1.06;"Ideal";"E";"SI2";62.2;55;5319;6.54;6.51;4.06
1.53;"Ideal";"I";"SI2";61.4;58;8021;7.4;7.42;4.55
0.33;"Ideal";"H";"VVS2";61.7;56;854;4.44;4.41;2.73
0.3;"Very Good";"F";"VVS1";61.6;56;694;4.34;4.36;2.68
1.21;"Ideal";"E";"VS2";62.4;54;9215;6.86;6.8;4.26
0.34;"Ideal";"G";"VS2";61.1;55;596;4.52;4.55;2.77
0.73;"Very Good";"E";"SI2";63.2;60;2335;5.76;5.71;3.62
1.53;"Ideal";"H";"SI1";62.9;60;10145;7.36;7.28;4.61
1.16;"Ideal";"G";"VVS2";62;56;8646;6.71;6.75;4.17
0.71;"Very Good";"I";"SI1";60.4;63;2028;5.8;5.73;3.48
1.5;"Very Good";"H";"SI2";62.3;60;7775;7.28;7.22;4.52
0.9;"Good";"D";"SI1";58.5;63;4469;6.21;6.3;3.66
0.32;"Ideal";"D";"VVS2";61.3;55.8;1048;4.43;4.44;2.71
0.5;"Premium";"D";"VS2";61.1;58;1752;5.09;5.12;3.12
1.93;"Premium";"H";"VS1";60.5;60;17096;8.06;7.98;4.85
0.31;"Good";"E";"SI1";63.9;56;544;4.27;4.31;2.74
1.11;"Very Good";"I";"SI2";62.5;58;4442;6.59;6.65;4.14
1.03;"Premium";"E";"SI2";61.7;61;3876;6.49;6.45;3.99
1.13;"Ideal";"G";"VS2";61.6;57;7159;6.68;6.7;4.12
0.51;"Very Good";"E";"VVS1";62.2;60;2579;5.08;5.12;3.17
0.3;"Good";"I";"SI1";63.8;57;394;4.19;4.27;2.7
0.55;"Very Good";"E";"VS2";61.7;59;1629;5.2;5.27;3.23
1.21;"Ideal";"G";"VS2";61.7;56;6478;6.85;6.83;4.22
1.08;"Premium";"F";"SI1";62.1;58;4864;6.57;6.61;4.09
0.28;"Ideal";"H";"VVS2";62;57;522;4.21;4.24;2.62
1.1;"Ideal";"E";"I1";61.9;56;3872;6.59;6.63;4.09
0.43;"Premium";"F";"SI2";60.2;60;679;4.85;4.91;2.94
0.32;"Ideal";"G";"VS1";60.5;56;645;4.42;4.44;2.68
1.4;"Very Good";"J";"SI1";63.5;58;6145;7.05;7.09;4.49
1.32;"Ideal";"G";"VS1";61.4;54;9715;7.09;7.13;4.37
0.78;"Very Good";"G";"SI1";63;58;2721;5.82;5.86;3.68
1.58;"Very Good";"H";"VVS2";60.9;58;12459;7.56;7.65;4.63
1.22;"Premium";"H";"VS1";62.5;59;7816;6.85;6.79;4.26
1.09;"Premium";"E";"SI1";62.5;59;5628;6.58;6.53;4.1
0.56;"Ideal";"D";"VS1";62.6;55;2057;5.25;5.29;3.3
0.34;"Ideal";"H";"VS2";62.6;54;537;4.45;4.5;2.8
0.31;"Ideal";"D";"VS1";62.1;56;704;4.3;4.36;2.69
0.38;"Premium";"F";"SI2";61;61;770;4.67;4.61;2.83
0.39;"Very Good";"E";"VS2";60;56;808;4.76;4.81;2.87
2.28;"Premium";"J";"VS1";60.3;58;16174;8.58;8.53;5.16
1.01;"Fair";"F";"VS2";69;61;6041;6.06;5.99;4.16
0.24;"Very Good";"F";"VVS2";62;58;552;3.95;3.98;2.46
0.51;"Premium";"D";"SI1";63;59;1574;5.11;5.05;3.2
1.57;"Very Good";"J";"VS2";62;58;8538;7.45;7.48;4.63
0.7;"Very Good";"H";"VS1";62.5;61;2453;5.62;5.67;3.53
0.35;"Ideal";"D";"VVS1";61.4;55;1672;4.55;4.57;2.8
0.43;"Very Good";"G";"VVS2";62.3;60;1056;4.78;4.85;3
2.06;"Premium";"I";"SI2";61;61;13912;8.18;8.1;5.02
0.31;"Very Good";"G";"VVS1";60.4;59;816;4.37;4.41;2.65
0.71;"Ideal";"F";"VS1";61.5;57;3404;5.7;5.74;3.52
1.02;"Premium";"D";"SI2";59.7;60;5198;6.58;6.55;3.92
0.31;"Ideal";"D";"SI1";63;54;732;4.35;4.32;2.73
0.9;"Premium";"G";"VS1";62.7;58;4661;6.06;6.15;3.83
1.05;"Ideal";"D";"SI1";60;55;5104;6.66;6.61;3.98
0.83;"Ideal";"F";"SI2";62.3;55;2790;6.02;6.05;3.76
0.5;"Ideal";"H";"VS2";62.3;55;1921;5.09;5.12;3.18
0.36;"Very Good";"G";"VS1";62.9;57;726;4.56;4.6;2.88
1;"Premium";"E";"VS2";62.8;60;6720;6.36;6.32;3.98
1.01;"Good";"F";"VVS2";63.6;60;7059;6.36;6.31;4.03
1.53;"Premium";"G";"VVS1";60.6;58;16451;7.45;7.49;4.53
2.01;"Ideal";"I";"SI1";62.9;57;12717;8.05;7.98;5.04
1.2;"Ideal";"J";"SI2";61.7;56;4659;6.79;6.87;4.21
1;"Fair";"H";"SI2";65.3;62;2818;6.34;6.12;4.08
1.25;"Very Good";"H";"VS2";60.3;54;7414;7;7.03;4.23
0.7;"Ideal";"G";"SI1";61.9;58;2310;5.69;5.72;3.53
1.03;"Premium";"J";"SI1";61.1;61;3749;6.49;6.44;3.95
0.32;"Ideal";"E";"VS1";61.9;56;972;4.41;4.38;2.72
1.06;"Ideal";"F";"IF";61.9;55;12539;6.54;6.57;4.06
0.36;"Ideal";"I";"VVS1";61.7;56;824;4.59;4.62;2.84
2.01;"Premium";"H";"SI2";61.6;58;16499;8.12;8.02;4.97
2.63;"Ideal";"J";"SI2";62.1;57;16914;8.83;8.88;5.5
0.77;"Ideal";"D";"SI1";62.6;57;2949;5.81;5.92;3.67
0.56;"Ideal";"G";"IF";62;54;2321;5.3;5.32;3.29
0.33;"Premium";"I";"SI1";60.4;59;434;4.5;4.54;2.73
0.71;"Very Good";"E";"SI1";60;56;3122;5.85;5.78;3.49
0.52;"Very Good";"E";"VS2";63.5;54;1773;5.19;5.11;3.27
0.57;"Ideal";"E";"VS1";61.5;55;2164;5.35;5.37;3.3
0.51;"Ideal";"E";"VS2";60.4;57;1656;5.15;5.18;3.12
0.53;"Ideal";"G";"VS1";61.5;57;1791;5.21;5.23;3.21
1.2;"Premium";"E";"VVS1";60.6;60;14192;6.95;6.85;4.18
0.32;"Ideal";"E";"VVS1";61.8;55;921;4.4;4.43;2.73
0.42;"Ideal";"G";"VS2";62.1;56;1087;4.84;4.79;2.99
1.16;"Ideal";"D";"SI2";62.1;54;5793;6.74;6.79;4.2
0.33;"Ideal";"H";"VS2";60.7;57;521;4.46;4.5;2.72
0.71;"Ideal";"G";"VS1";61.8;57;3431;5.69;5.73;3.53
0.9;"Very Good";"E";"SI1";63.6;57;3863;6.08;6.12;3.88
0.3;"Very Good";"H";"SI1";58.7;63;393;4.32;4.37;2.55
0.71;"Premium";"H";"VVS2";61.9;59;2498;5.73;5.7;3.54
1;"Good";"H";"SI2";57.9;62;4592;6.53;6.49;3.77
0.7;"Good";"D";"VS2";58;62;2749;5.78;5.87;3.38
1.6;"Premium";"J";"VS1";61.3;59;9032;7.52;7.49;4.6
0.3;"Ideal";"D";"VS2";62.3;54;911;4.33;4.3;2.69
2.02;"Good";"G";"SI2";57.5;61;12929;8.37;8.35;4.81
0.9;"Very Good";"E";"SI1";63.1;61;4092;6.18;6.14;3.89
1.02;"Ideal";"F";"VVS2";61.9;57;9212;6.53;6.42;4.01
0.38;"Ideal";"G";"VS2";59.5;58;721;4.75;4.77;2.83
0.72;"Ideal";"E";"SI1";62.2;58;3037;5.72;5.75;3.57
2.01;"Very Good";"E";"SI1";60.8;59;16956;8.14;8.2;4.97
2.36;"Premium";"H";"SI2";59.4;58;18745;8.69;8.75;5.18
0.73;"Ideal";"H";"SI1";62;55;2656;5.76;5.85;3.6
0.41;"Very Good";"E";"SI1";62.8;58;705;4.72;4.77;2.98
0.54;"Very Good";"G";"SI1";60.4;56;1404;5.29;5.34;3.21
0.9;"Very Good";"H";"SI2";61.1;63;3105;6.19;6.12;3.76
1.5;"Ideal";"H";"VS1";62.1;57;8891;7.37;7.23;4.53
1.7;"Premium";"I";"SI2";62.9;59;9330;7.57;7.51;4.74
2.33;"Ideal";"I";"VS2";62.4;57;15073;8.52;8.47;5.31
0.59;"Ideal";"F";"SI1";62;53;1424;5.38;5.43;3.35
1.22;"Ideal";"I";"VS1";62.3;57;6469;6.81;6.85;4.25
0.56;"Ideal";"I";"VVS1";61.5;55;1616;5.33;5.37;3.29
1.06;"Premium";"F";"SI2";62.6;59;3901;6.51;6.47;4.06
0.32;"Premium";"F";"VVS1";61.3;58;926;4.37;4.4;2.69
1.77;"Very Good";"J";"SI2";63.4;60;8257;7.65;7.61;4.84
1.52;"Good";"G";"SI2";63.1;58;7933;7.21;7.3;4.58
0.32;"Good";"E";"VS1";60.3;64;756;4.42;4.44;2.67
1.13;"Ideal";"G";"VS1";61;56.4;7808;6.7;6.75;4.1
0.54;"Premium";"E";"SI1";61.4;60;1422;5.21;5.25;3.21
1;"Premium";"F";"SI1";59.4;62;3881;6.55;6.52;3.88
1.11;"Ideal";"H";"SI2";61.3;55;4662;6.73;6.65;4.1
1.02;"Very Good";"D";"SI1";63.3;60;5778;6.33;6.38;4.02
0.8;"Premium";"F";"VS2";62;61;3369;5.99;5.91;3.69
0.31;"Ideal";"G";"IF";61.1;57;871;4.38;4.42;2.68
2.02;"Very Good";"H";"SI2";63.1;54;13655;8.09;7.99;5.07
0.44;"Premium";"E";"VS2";60.4;59;1003;4.9;4.93;2.97
1.08;"Ideal";"H";"SI1";62.8;57;4964;6.55;6.51;4.1
1.02;"Ideal";"E";"SI2";62.6;54.6;4983;6.4;6.44;4.02
1;"Good";"F";"SI1";64;57;4452;6.33;6.29;4.04
0.34;"Ideal";"E";"SI2";61.4;55;454;4.5;4.52;2.77
0.41;"Very Good";"H";"SI1";60;61;683;4.77;4.83;2.88
1.51;"Very Good";"J";"VVS2";60.6;58;8789;7.36;7.4;4.47
1.06;"Ideal";"G";"VVS2";61;57;7900;6.55;6.57;4
2.01;"Premium";"F";"SI2";59.5;59;15841;8.24;8.15;4.88
0.51;"Good";"F";"VS2";63.1;59;1444;5.04;5.1;3.2
0.3;"Premium";"D";"VS2";61.7;58;710;4.3;4.32;2.66
0.71;"Premium";"F";"SI1";59.8;61;2633;5.81;5.79;3.47
0.9;"Ideal";"H";"SI2";61;56;4016;6.23;6.29;3.82
0.52;"Ideal";"G";"VS1";62.4;56;1689;5.11;5.15;3.2
0.51;"Premium";"G";"VS1";59.6;58;1833;5.22;5.21;3.11
0.82;"Ideal";"F";"SI2";62.3;56;2867;6.02;5.96;3.73
0.97;"Ideal";"G";"SI2";61.6;56;4743;6.31;6.39;3.91
0.71;"Very Good";"E";"VS2";63.7;58;2922;5.6;5.64;3.58
0.28;"Very Good";"H";"VVS2";62.4;54;450;4.2;4.23;2.63
0.3;"Premium";"G";"VVS2";61.9;59;684;4.25;4.28;2.64
0.6;"Ideal";"D";"SI1";61.7;56;2263;5.39;5.44;3.34
0.81;"Ideal";"H";"SI2";61.4;57;2375;6;5.96;3.67
3;"Premium";"I";"SI2";60.7;59;16970;9.3;9.14;5.6
0.3;"Premium";"G";"VS1";61.8;59;605;4.34;4.37;2.69
0.31;"Ideal";"G";"IF";61.9;55;891;4.35;4.38;2.7
0.31;"Ideal";"G";"VVS1";61;56;789;4.36;4.4;2.67
0.35;"Ideal";"H";"VVS2";59.2;56;706;4.6;4.65;2.74
0.33;"Ideal";"H";"IF";62.1;54;838;4.44;4.48;2.77
0.57;"Premium";"E";"VS2";62.9;57;1672;5.29;5.24;3.31
0.9;"Fair";"E";"SI1";64.9;56;3743;6.12;6.18;3.99
0.32;"Ideal";"G";"IF";61.7;56;918;4.39;4.42;2.72
0.39;"Ideal";"E";"VVS1";60.4;56;1179;4.76;4.78;2.88
0.79;"Very Good";"E";"SI1";63.2;56;2794;5.91;5.86;3.72
0.55;"Ideal";"H";"VVS2";60.7;55;1668;5.32;5.34;3.24
2.3;"Ideal";"J";"SI1";62.3;57;12316;8.41;8.34;5.22
0.62;"Premium";"J";"VVS2";60.9;58;1415;5.5;5.56;3.37
1;"Good";"G";"SI1";61.6;62;4528;6.37;6.45;3.95
2.33;"Very Good";"H";"SI2";63.2;56;13500;8.44;8.35;5.31
0.55;"Ideal";"F";"SI2";61.4;55;1183;5.27;5.29;3.24
0.72;"Ideal";"H";"VVS1";61.5;57;3180;5.74;5.76;3.54
0.31;"Premium";"H";"VS2";61.9;58;628;4.39;4.37;2.71
0.41;"Ideal";"D";"SI1";61.6;55;1015;4.8;4.78;2.95
1.02;"Premium";"G";"VS2";62.7;61;5998;6.39;6.34;3.99
3.4;"Fair";"D";"I1";66.8;52;15964;9.42;9.34;6.27
0.82;"Good";"J";"SI1";57.4;59;2140;6.25;6.19;3.57
0.5;"Good";"F";"VS1";58;61;1415;5.18;5.23;3.02
0.73;"Ideal";"D";"SI1";61.8;56;3189;5.8;5.76;3.57
0.3;"Ideal";"G";"VS2";62;54;545;4.33;4.35;2.69
0.4;"Ideal";"H";"VVS2";62.3;57;1125;4.73;4.71;2.94
1;"Very Good";"E";"SI1";63.1;58;4435;6.34;6.2;3.95
0.38;"Ideal";"E";"VVS2";61.6;55;1100;4.67;4.72;2.89
0.33;"Premium";"F";"VS2";60.1;58;854;4.47;4.45;2.68
0.57;"Very Good";"F";"SI1";62.6;58;1403;5.28;5.32;3.32
0.44;"Ideal";"G";"VVS1";61.3;56;1202;4.91;4.93;3.01
0.55;"Premium";"D";"SI1";61.6;56;1698;5.28;5.24;3.24
0.3;"Ideal";"G";"IF";62.1;55;863;4.32;4.34;2.69
0.98;"Premium";"E";"SI2";61.7;61;4478;6.38;6.34;3.93
2;"Ideal";"H";"I1";62.5;57;7204;8.05;7.98;5.01
0.33;"Premium";"I";"VVS1";61.7;61;780;4.45;4.43;2.74
0.7;"Good";"H";"SI2";64.2;58;1697;5.56;5.6;3.58
0.33;"Good";"I";"VVS2";63.7;56;743;4.4;4.36;2.79
0.33;"Ideal";"G";"IF";61.9;55;946;4.44;4.45;2.75
0.68;"Fair";"G";"SI1";58;71;1633;5.85;5.7;3.35
0.31;"Premium";"D";"SI1";61.1;57;732;4.36;4.35;2.66
0.56;"Ideal";"D";"VS2";60.9;56;1963;5.32;5.35;3.25
1.22;"Premium";"I";"SI2";62.3;58;4831;6.8;6.85;4.25
0.91;"Ideal";"E";"SI1";60.7;56;3665;6.26;6.22;3.79
1.77;"Premium";"J";"SI2";62;55;8840;7.84;7.72;4.82
0.62;"Good";"J";"SI1";59.9;65;1116;5.58;5.5;3.32
0.52;"Premium";"G";"VS1";59.1;60;1622;5.24;5.19;3.08
0.3;"Premium";"D";"VS2";60.4;59;911;4.35;4.32;2.62
0.33;"Ideal";"G";"IF";61.6;55;984;4.48;4.51;2.77
2.34;"Premium";"I";"I1";61.5;60;8491;8.47;8.43;5.2
1.21;"Ideal";"E";"SI1";62.3;56;7088;6.87;6.81;4.26
0.77;"Ideal";"D";"SI2";62.1;56;2896;5.83;5.89;3.64
0.56;"Premium";"J";"SI1";60.3;59;1050;5.34;5.3;3.21
2.14;"Premium";"I";"VS2";62.3;58;17416;8.22;8.16;5.1
1.01;"Very Good";"G";"SI2";61;58;4249;6.43;6.48;3.94
0.32;"Ideal";"H";"VS1";62.8;55;720;4.41;4.35;2.75
0.54;"Ideal";"E";"SI1";62.1;56;1637;5.24;5.19;3.24
1.01;"Premium";"F";"VS1";58.8;60;7862;6.59;6.51;3.85
0.72;"Very Good";"E";"SI1";58.9;58;2646;5.88;5.91;3.47
0.34;"Ideal";"E";"VS1";62.2;55;1033;4.52;4.49;2.8
0.54;"Ideal";"H";"VS1";62.7;57;1637;5.23;5.17;3.26
1.12;"Ideal";"H";"SI1";60.7;56;5457;6.74;6.7;4.08
1.13;"Premium";"H";"SI1";62.6;60;4256;6.68;6.62;4.16
1.01;"Very Good";"E";"VVS2";63.3;58;8912;6.39;6.31;4.02
1;"Very Good";"G";"SI2";62.6;58;4725;6.34;6.38;3.98
0.38;"Ideal";"I";"VVS2";63.4;53;809;4.61;4.63;2.93
0.38;"Very Good";"H";"VS2";62.8;56;700;4.59;4.62;2.89
1.16;"Premium";"G";"VS1";61.9;58;7962;6.72;6.76;4.17
0.4;"Ideal";"D";"VS1";59.9;57;1123;4.77;4.82;2.87
0.3;"Ideal";"H";"VVS1";62.3;57;665;4.27;4.3;2.67
1.2;"Premium";"G";"VS2";62.5;58;9677;6.74;6.67;4.19
0.5;"Premium";"F";"VVS2";63;57;2160;5.05;5.01;3.17
0.6;"Ideal";"H";"VS2";62.1;55;1442;5.42;5.46;3.38
0.43;"Good";"G";"SI1";63.6;55;903;4.83;4.79;3.06
1.36;"Ideal";"F";"SI2";62;56;7157;7.08;7.11;4.4
0.57;"Premium";"E";"VS2";61.4;58;1949;5.37;5.32;3.28
2;"Very Good";"H";"SI1";60.3;61;16092;8.11;8.17;4.91
0.76;"Ideal";"D";"VS2";60.2;56;3352;5.92;5.95;3.57
0.36;"Ideal";"H";"IF";62.2;54.1;877;4.57;4.6;2.86
1.01;"Fair";"G";"SI2";68.5;63;3173;6.08;6;4.14
0.38;"Good";"D";"VS2";64.1;55;809;4.58;4.62;2.95
0.58;"Very Good";"H";"VVS1";63.3;55;1979;5.27;5.31;3.35
1.2;"Very Good";"G";"SI2";61.7;59;5518;6.81;6.86;4.22
0.4;"Ideal";"G";"VS1";62.2;56;1125;4.74;4.72;2.94
0.3;"Ideal";"F";"VVS1";61.5;56;1041;4.32;4.36;2.67
1;"Premium";"F";"SI2";61.5;58;4255;6.38;6.41;3.93
1.04;"Premium";"F";"SI1";62.2;60;5300;6.48;6.44;4.02
0.27;"Ideal";"G";"VS1";62.3;53;527;4.16;4.19;2.6
1.61;"Very Good";"E";"SI2";61.9;57;8288;7.44;7.48;4.62
0.42;"Ideal";"E";"VS2";61.3;56;1024;4.85;4.81;2.96
0.33;"Ideal";"H";"SI1";61;55;511;4.45;4.49;2.73
2.01;"Good";"I";"SI1";64.1;60;10184;7.92;7.88;5.06
1.26;"Ideal";"G";"VS2";60.8;55;9399;7.02;7.04;4.28
1.52;"Very Good";"G";"VVS2";62.9;59;15265;7.25;7.29;4.57
1.56;"Ideal";"I";"VVS2";62;56;10481;7.39;7.42;4.6
0.43;"Premium";"D";"VS2";59.7;59;901;4.89;4.93;2.93
0.9;"Good";"H";"SI1";66.1;57;3282;5.94;5.99;3.94
0.3;"Ideal";"D";"VVS2";61.6;56;1041;4.32;4.35;2.67
0.34;"Ideal";"H";"IF";62;53;863;4.49;4.51;2.79
1.24;"Premium";"G";"VVS2";59.9;60;10202;6.98;7;4.19
0.91;"Very Good";"I";"VVS2";63.5;59;3618;6.1;6.06;3.86
0.7;"Very Good";"E";"VS2";58.8;56;2473;5.79;5.84;3.42
0.3;"Ideal";"F";"VS2";62;55;776;4.33;4.31;2.68
0.53;"Ideal";"I";"VS2";60.3;60;1279;5.25;5.22;3.16
1.5;"Fair";"I";"SI2";68.1;59;6209;7.12;6.84;4.75
1.14;"Very Good";"F";"VS2";59;60;8131;6.84;6.81;4.03
0.35;"Premium";"H";"VS1";62.6;59;788;4.5;4.45;2.8
1;"Premium";"E";"SI2";60.7;58;3763;6.45;6.38;3.9
1.01;"Premium";"H";"VS1";61.1;58;5515;6.48;6.45;3.95
1.02;"Premium";"F";"VVS2";62.9;59;9103;6.42;6.37;4.02
1;"Very Good";"E";"SI2";62.2;59;4312;6.35;6.38;3.96
0.71;"Ideal";"D";"SI2";61.9;56;2452;5.78;5.73;3.56
1.51;"Good";"H";"SI2";63.1;60;7723;7.23;7.28;4.58
1.5;"Ideal";"H";"SI2";62.4;57;9104;7.29;7.33;4.56
1.02;"Ideal";"F";"VS2";62;57;7026;6.46;6.44;4
0.55;"Very Good";"F";"VS1";60.7;60;1853;5.29;5.32;3.22
0.52;"Premium";"G";"VVS2";61.2;59;2012;5.16;5.14;3.15
0.3;"Very Good";"I";"SI1";61.4;58;394;4.3;4.33;2.65
0.71;"Good";"G";"VS2";64;55;2599;5.65;5.67;3.62
1.04;"Premium";"H";"SI1";60.7;62;5311;6.57;6.51;3.97
1.01;"Good";"I";"SI2";61.8;62;3399;6.28;6.35;3.9
0.36;"Premium";"E";"VS2";62.3;58;1013;4.55;4.51;2.82
1.58;"Good";"H";"SI1";63.1;58;9774;7.33;7.38;4.64
2.01;"Very Good";"J";"SI2";60.6;60;11406;8.11;8.19;4.94
1.51;"Very Good";"G";"VVS2";62.1;59;13337;7.28;7.34;4.54
1.03;"Good";"J";"SI1";63.6;57;2855;6.38;6.29;4.03
0.62;"Ideal";"H";"VVS2";62;56;2052;5.46;5.48;3.39
1.02;"Good";"I";"SI1";64.2;53;3998;6.3;6.26;4.03
1.02;"Premium";"J";"SI1";63;58;3856;6.44;6.39;4.04
0.74;"Premium";"F";"VS2";61.7;58;2805;5.85;5.78;3.59
1.11;"Ideal";"F";"VS2";61.6;57;7740;6.65;6.67;4.1
1.5;"Very Good";"H";"VS1";63.3;59;9173;7.15;7.1;4.51
0.35;"Premium";"F";"VS2";61.9;58;906;4.54;4.48;2.79
1.01;"Premium";"H";"VS2";62.3;62;4769;6.39;6.35;3.97
0.92;"Premium";"D";"SI2";59.4;59;3877;6.39;6.28;3.76
1.59;"Premium";"J";"SI1";62.5;60;7695;7.42;7.46;4.65
0.74;"Ideal";"G";"VVS2";62.2;57;3462;5.75;5.79;3.59
0.54;"Ideal";"D";"VS2";61.8;57;1892;5.22;5.26;3.24
1.5;"Premium";"H";"SI1";59;62;10038;7.39;7.31;4.56
0.41;"Premium";"E";"VVS2";60.9;60;1243;4.82;4.81;2.93
0.55;"Ideal";"E";"VS2";62;55;1715;5.28;5.24;3.26
0.41;"Ideal";"D";"VS2";62.4;55;1076;4.79;4.76;2.98
0.58;"Very Good";"D";"SI2";62.9;56;1438;5.31;5.35;3.35
1.33;"Premium";"H";"VS2";59.9;60;6614;7.13;7.09;4.26
1.56;"Very Good";"H";"VVS2";63.3;58;12098;7.3;7.35;4.64
1.33;"Good";"I";"VS1";63.7;56;7090;6.96;6.92;4.42
0.55;"Very Good";"G";"IF";60.2;60;2314;5.29;5.38;3.21
0.41;"Very Good";"D";"SI2";63.1;54;818;4.75;4.72;2.99
0.3;"Ideal";"J";"VVS2";62.3;58;439;4.26;4.28;2.66
1.25;"Ideal";"G";"VVS1";61.3;56;10996;6.95;6.98;4.28
1.2;"Good";"I";"VS1";57.8;61;5570;7.02;6.96;4.04
1;"Fair";"E";"SI2";65.8;58;2948;6.28;6.16;4.09
0.33;"Premium";"E";"VS1";60.9;58;1002;4.49;4.45;2.72
0.39;"Good";"G";"VS2";63.7;53;734;4.62;4.67;2.96
0.38;"Ideal";"E";"VVS2";59.9;61;1008;4.71;4.74;2.83
0.74;"Premium";"E";"VS1";60.9;62;2999;5.83;5.8;3.54
2.21;"Premium";"H";"SI2";59;59;13872;8.51;8.46;5.01
0.4;"Good";"E";"SI2";63.2;57;666;4.66;4.68;2.95
0.4;"Good";"D";"VS2";64.4;56;814;4.62;4.67;2.99
0.3;"Very Good";"D";"VS1";62;55;863;4.31;4.35;2.68
0.44;"Ideal";"F";"VVS1";61.5;57;1319;4.9;4.86;3
0.33;"Ideal";"I";"VVS1";62.2;54;646;4.43;4.45;2.76
1;"Fair";"E";"SI1";57.4;61;4844;6.53;6.63;3.78
0.31;"Ideal";"F";"VS2";62.8;56;802;4.32;4.28;2.7
0.71;"Very Good";"F";"VS1";62.2;55;3045;5.68;5.74;3.56
0.28;"Very Good";"E";"VVS1";61.1;60;646;4.17;4.21;2.56
2;"Premium";"I";"VS2";62.5;57;17574;8.01;7.92;4.98
0.41;"Premium";"G";"VS2";61.4;59;827;4.75;4.79;2.93
0.38;"Premium";"G";"VS1";61.9;56;1069;4.68;4.63;2.88
1;"Very Good";"E";"VVS2";59.5;59;9139;6.54;6.58;3.9
1.19;"Very Good";"G";"SI2";63.4;56;3739;6.69;6.56;4.2
0.42;"Ideal";"G";"VVS1";60.6;56;1235;4.88;4.86;2.95
0.37;"Premium";"E";"VS2";60.6;58;971;4.65;4.62;2.81
0.9;"Very Good";"F";"SI2";61.6;56;3601;6.22;6.29;3.85
1.22;"Ideal";"H";"VVS2";62.7;54;8014;6.77;6.83;4.27
0.31;"Good";"E";"VVS1";59;59;826;4.4;4.42;2.6
1.3;"Very Good";"G";"VS1";62.5;57;9837;6.92;6.96;4.34
1.24;"Ideal";"I";"SI2";61.8;58;5866;6.85;6.9;4.25
0.34;"Ideal";"I";"VS1";62;54;643;4.51;4.49;2.79
1.71;"Premium";"I";"VS2";61.5;58;9116;7.74;7.54;4.7
1.02;"Ideal";"J";"VS2";62;56;4485;6.42;6.45;3.99
0.79;"Very Good";"F";"SI1";62.8;55;2633;5.88;5.94;3.71
0.31;"Good";"E";"VS1";59;63;600;4.44;4.47;2.63
0.71;"Ideal";"D";"VS2";60.1;56;4029;5.77;5.83;3.48
0.56;"Ideal";"D";"SI1";61.9;55;1803;5.31;5.29;3.28
0.92;"Ideal";"E";"SI2";62.1;57;3941;6.26;6.2;3.87
0.71;"Very Good";"F";"SI2";61.4;56;3075;5.71;5.73;3.51
1.04;"Premium";"E";"SI2";61.6;59;4240;6.57;6.55;4.04
0.8;"Ideal";"E";"SI1";61.5;58;3362;5.96;6;3.68
0.4;"Ideal";"E";"SI2";62.2;53;689;4.73;4.76;2.95
0.7;"Very Good";"J";"VS2";61.1;61;1952;5.64;5.69;3.46
0.41;"Ideal";"E";"VS1";62.1;55;1079;4.75;4.78;2.96
1;"Ideal";"G";"VVS1";61.9;57;8366;6.43;6.39;3.97
0.48;"Good";"F";"VS1";61.5;60.7;1268;4.99;5.05;3.09
0.23;"Very Good";"E";"VVS1";61;58;485;3.99;4.01;2.44
1.61;"Premium";"I";"VS2";58.4;59;9341;7.73;7.68;4.5
0.36;"Premium";"D";"VS2";60.3;58;727;4.63;4.66;2.8
1.51;"Ideal";"I";"SI1";61.8;56;10232;7.37;7.34;4.55
0.33;"Very Good";"D";"SI1";62.8;55;608;4.41;4.45;2.78
0.5;"Good";"D";"SI1";64.1;56;1235;5.03;4.98;3.21
0.91;"Ideal";"I";"VS1";62.1;57;3906;6.2;6.23;3.86
0.31;"Ideal";"F";"VS2";60.8;57;802;4.39;4.36;2.66
1.7;"Premium";"F";"VS2";62.8;58;18251;7.61;7.54;4.76
1.73;"Fair";"H";"SI2";65.9;58;6007;7.52;7.45;4.93
1;"Premium";"F";"SI1";62;60;5574;6.42;6.36;3.96
0.31;"Ideal";"H";"VS2";62.2;53;628;4.43;4.38;2.74
2.13;"Premium";"G";"SI2";60.7;60;16931;8.37;8.27;5.05
0.51;"Ideal";"F";"SI1";62.9;56;1406;5.1;5.05;3.19
0.76;"Fair";"D";"SI2";55.5;69;2518;6.16;6.07;3.39
0.5;"Ideal";"H";"VS2";62.6;52;1408;5.06;5.09;3.18
0.59;"Very Good";"F";"SI1";63;56;1424;5.3;5.34;3.35
1.51;"Good";"I";"VS2";62.9;57;8720;7.23;7.27;4.56
0.23;"Very Good";"E";"VVS2";60.6;60;505;3.93;3.99;2.4
1.16;"Ideal";"D";"VS1";61.2;58;10241;6.73;6.76;4.13
0.3;"Ideal";"E";"VS1";61.5;56;710;4.31;4.37;2.67
0.23;"Very Good";"F";"VVS2";58.1;63;600;4.08;4.04;2.36
1.12;"Premium";"D";"VS2";63;57;7587;6.62;6.55;4.15
0.54;"Ideal";"D";"SI1";60.8;57;1662;5.25;5.31;3.21
1.5;"Very Good";"H";"VS2";60;62;11220;7.38;7.41;4.44
1.01;"Good";"H";"VS2";63.5;61;4959;6.24;6.32;3.99
1.18;"Premium";"G";"SI2";61.4;58;5190;6.82;6.77;4.17
1;"Good";"I";"VS1";63.8;56;4202;6.35;6.32;4.04
0.47;"Ideal";"D";"VS2";61.9;56;1319;4.99;5.03;3.1
1.02;"Fair";"H";"VS1";71.8;56;4455;6.04;5.97;4.31
2.24;"Ideal";"I";"SI2";61.7;58;16709;8.43;8.37;5.18
1.05;"Premium";"D";"SI1";59.3;58;6174;6.74;6.68;3.98
0.6;"Ideal";"F";"VS2";61.9;57;1970;5.39;5.43;3.35
1.5;"Very Good";"I";"VVS2";63.3;58;10090;7.27;7.24;4.59
1.2;"Ideal";"F";"VS2";61.9;53;8669;6.84;6.79;4.22
0.53;"Ideal";"G";"VVS2";61.4;57;1948;5.19;5.26;3.21
0.43;"Very Good";"G";"SI1";62.7;56;754;4.8;4.83;3.02
0.23;"Premium";"D";"VVS2";59.6;61;640;4.03;3.99;2.39
2.02;"Very Good";"J";"SI1";63;56;12267;7.95;8.01;5.03
0.7;"Ideal";"E";"VS1";62.2;58;3107;5.62;5.69;3.52
0.56;"Ideal";"I";"VVS1";62;56;1698;5.29;5.26;3.27
0.38;"Very Good";"G";"VVS1";59.9;56;970;4.73;4.75;2.84
0.8;"Very Good";"D";"VS2";63.1;57;3135;5.94;5.89;3.73
1.07;"Ideal";"E";"SI2";62.4;57;4698;6.55;6.52;4.08
0.6;"Ideal";"E";"VVS1";62.5;53.7;3082;5.35;5.43;3.38
0.4;"Premium";"F";"VVS2";59.4;59;1008;4.85;4.78;2.86
0.4;"Ideal";"G";"IF";61.8;55;1229;4.76;4.79;2.95
0.53;"Ideal";"D";"SI1";61.7;56;1753;5.23;5.15;3.2
1.04;"Ideal";"H";"VS1";62.2;56.6;6255;6.43;6.49;4.02
1.07;"Ideal";"E";"SI2";62.4;57;4613;6.52;6.55;4.08
0.47;"Ideal";"H";"IF";62.4;57;1865;4.97;5;3.11
0.52;"Very Good";"H";"VS1";63.5;58;1572;5.08;5.13;3.24
1.12;"Premium";"I";"VS1";59.6;58;4987;6.82;6.77;4.05
0.36;"Ideal";"D";"VVS2";61.6;57;1042;4.56;4.59;2.82
0.41;"Ideal";"E";"VVS1";61.5;56;1444;4.81;4.82;2.96
0.31;"Premium";"F";"VS2";61.7;58;802;4.38;4.34;2.69
0.36;"Ideal";"E";"VS2";62.6;56;1013;4.56;4.52;2.84
0.24;"Very Good";"E";"VVS2";62.8;58;478;3.92;3.95;2.47
0.9;"Very Good";"F";"SI1";63.3;55;4545;6.18;6.12;3.89
0.32;"Premium";"I";"SI1";62.7;58;432;4.34;4.37;2.73
0.34;"Ideal";"E";"VS1";60.8;57;1033;4.53;4.49;2.74
0.52;"Premium";"I";"SI1";62.9;58;1105;5.14;5.04;3.2
1.21;"Fair";"J";"SI2";64.6;59;3984;6.74;6.64;4.32
0.36;"Ideal";"H";"VS1";61.8;57;631;4.56;4.6;2.83
1.06;"Ideal";"G";"SI2";62.1;58;4987;6.49;6.53;4.04
0.41;"Premium";"E";"VS1";60.6;59;1079;4.77;4.8;2.9
1.26;"Premium";"E";"SI2";62.9;59;6085;6.85;6.82;4.3
2.01;"Ideal";"G";"SI1";61.6;57;12829;8.08;8;4.95
0.91;"Fair";"F";"I1";67;62;1570;5.97;5.89;3.98
0.56;"Very Good";"H";"SI1";59.9;60;1230;5.3;5.35;3.19
1.21;"Premium";"F";"VS1";61.6;59;9107;6.84;6.77;4.19
0.9;"Ideal";"D";"VS2";61.2;56;6689;6.2;6.26;3.81
1.07;"Premium";"H";"VS2";58.9;58;4830;6.7;6.65;3.93
0.41;"Ideal";"F";"VS2";60.8;56;863;4.8;4.81;2.92
0.32;"Ideal";"H";"IF";61.4;55;814;4.42;4.47;2.73
0.54;"Ideal";"F";"SI2";61.2;57;1409;5.25;5.23;3.21
0.57;"Very Good";"G";"SI1";60.4;58;1273;5.37;5.42;3.26
0.36;"Ideal";"G";"VVS1";61.7;55;1163;4.58;4.6;2.83
0.59;"Fair";"I";"VS1";64.4;59;1229;5.29;5.21;3.38
1.16;"Ideal";"H";"SI1";64.2;59;5411;6.66;6.61;4.26
0.58;"Ideal";"G";"VS2";61.2;55;1558;5.4;5.45;3.32
1.2;"Ideal";"D";"VS2";61.4;55;9596;6.87;6.78;4.19
1.27;"Premium";"H";"VS2";60;61;7503;7.03;6.99;4.26
0.31;"Ideal";"I";"IF";62.2;54;652;4.36;4.39;2.72
1.56;"Very Good";"I";"VS1";62.7;58;9857;7.42;7.37;4.64
0.5;"Premium";"G";"VS1";62.5;58;1624;5.07;5.11;3.18
0.36;"Ideal";"G";"VVS2";61.8;55;888;4.57;4.62;2.84
0.32;"Ideal";"D";"VS2";62.7;54;758;4.36;4.38;2.74
0.57;"Premium";"E";"VS2";63;59;1778;5.29;5.25;3.32
1;"Good";"D";"VS2";63.9;56;7200;6.34;6.31;4.04
0.5;"Very Good";"D";"SI1";61.9;62;1354;5.03;5.09;3.13
0.73;"Very Good";"H";"VS1";61.6;59;2641;5.74;5.81;3.56
0.29;"Ideal";"G";"VVS1";60.2;56;673;4.29;4.33;2.59
0.32;"Premium";"G";"SI2";62.7;58;540;4.39;4.35;2.74
1.15;"Good";"H";"VS1";64.3;54;5935;6.66;6.62;4.27
0.41;"Ideal";"F";"VVS2";62.9;54;1192;4.74;4.7;2.97
0.26;"Premium";"E";"VVS1";60.9;59;814;4.12;4.09;2.5
0.36;"Very Good";"G";"SI1";62;59;537;4.53;4.56;2.82
1.02;"Ideal";"G";"SI1";62.8;57;5055;6.38;6.35;4
0.24;"Ideal";"G";"VVS1";62.1;56;559;3.97;4;2.47
1.71;"Ideal";"F";"VS2";61.9;57;16384;7.73;7.62;4.75
0.25;"Premium";"E";"VVS1";60.7;60;576;4.09;4.11;2.49
0.61;"Ideal";"G";"VS1";61.9;56;2167;5.43;5.45;3.37
0.43;"Ideal";"D";"SI1";61.6;56;1036;4.86;4.82;2.98
1.51;"Very Good";"I";"VVS1";62;58;11512;7.27;7.31;4.52
1.01;"Premium";"D";"SI1";61.8;58;6075;6.42;6.37;3.95
0.5;"Premium";"F";"VS1";61.8;60;1710;5.06;5.1;3.14
0.41;"Ideal";"F";"VS1";60.8;57;1007;4.77;4.8;2.91
0.77;"Ideal";"D";"SI1";60.8;57;3251;5.94;5.9;3.6
1.05;"Ideal";"J";"VS1";60.6;56;3528;6.59;6.55;3.98
1.03;"Ideal";"F";"VS2";62.4;56;6751;6.48;6.43;4.03
1.01;"Ideal";"I";"I1";61.6;56;2416;6.45;6.43;3.97
1.11;"Very Good";"E";"VS1";61.6;57;8852;6.59;6.63;4.07
0.4;"Very Good";"G";"VVS2";58.9;58;982;4.8;4.84;2.84
1.1;"Very Good";"H";"SI2";62.9;58;4422;6.53;6.56;4.12
1.01;"Very Good";"H";"SI1";63.5;57;4659;6.31;6.35;4.02
0.52;"Very Good";"G";"VVS2";59.9;56;1833;5.22;5.27;3.14
1.6;"Premium";"H";"SI1";62.1;60;9017;7.54;7.49;4.66
0.5;"Good";"D";"SI2";63.1;56;958;5.05;4.96;3.16
1;"Premium";"E";"SI1";60.7;59;5544;6.41;6.38;3.88
1.7;"Ideal";"H";"I1";62.6;54;7197;7.63;7.58;4.77
1.05;"Premium";"D";"SI1";61.6;61;5351;6.55;6.5;4.02
1.52;"Premium";"I";"VS2";62.6;59;9108;7.34;7.19;4.55
1;"Premium";"H";"SI2";61;61;3864;6.31;6.27;3.84
0.76;"Good";"G";"SI1";57.7;63;2447;6.05;5.97;3.47
0.42;"Ideal";"H";"SI1";62.4;57;898;4.79;4.76;2.98
0.43;"Very Good";"H";"VVS1";60.2;55;1220;4.92;4.95;2.97
0.73;"Very Good";"F";"VS1";61.8;59;2843;5.73;5.79;3.56
0.58;"Premium";"G";"VVS2";61.4;61;1975;5.43;5.38;3.32
2.02;"Ideal";"I";"SI1";62.4;56;16128;8.07;8.11;5.05
1.02;"Ideal";"F";"SI2";61.8;57;4832;6.49;6.43;3.99
1.01;"Ideal";"D";"SI1";62;55;5702;6.39;6.45;3.98
0.53;"Premium";"E";"VS2";59.9;61;1946;5.3;5.25;3.16
0.35;"Premium";"E";"IF";59;61;1148;4.64;4.62;2.73
1.52;"Very Good";"D";"SI2";61.2;63;9030;7.39;7.31;4.5
0.69;"Good";"I";"VS1";61.6;61.9;1846;5.65;5.68;3.48
0.42;"Very Good";"E";"SI1";62.5;55;773;4.8;4.83;3.01
2;"Very Good";"G";"SI2";63.5;55;15485;8.03;7.93;5.07
1.13;"Ideal";"E";"SI2";62.4;56;4303;6.66;6.63;4.15
0.3;"Ideal";"F";"VS1";61.4;56;658;4.33;4.37;2.67
0.39;"Ideal";"E";"VS1";59.9;57;889;4.78;4.8;2.87
0.3;"Good";"G";"VVS2";63.2;57;684;4.23;4.28;2.69
0.41;"Ideal";"G";"IF";61.7;56;1367;4.77;4.8;2.95
1.07;"Ideal";"F";"VS2";61.7;57;8640;6.52;6.54;4.03
1.01;"Ideal";"G";"VS2";60.8;59;6019;6.52;6.5;3.96
0.32;"Ideal";"I";"VS2";61.5;56;449;4.4;4.41;2.71
0.7;"Premium";"E";"SI2";62.1;59;2273;5.65;5.63;3.5
0.65;"Very Good";"G";"SI1";62;58;1828;5.5;5.58;3.43
2.01;"Premium";"H";"SI1";60.6;62;16733;8.08;8.05;4.89
0.8;"Ideal";"D";"VS2";61;57;4170;5.96;6;3.65
2.55;"Premium";"I";"VS1";61.8;62;18766;8.7;8.65;5.36
1.1;"Very Good";"H";"VS2";61.3;58;5914;6.63;6.74;4.1
0.3;"Premium";"D";"VS2";60.6;58;911;4.36;4.32;2.63
1.01;"Fair";"D";"SI1";66;57;5385;6.29;6.22;4.13
1.1;"Good";"H";"SI1";63.6;58;5131;6.55;6.5;4.15
0.8;"Very Good";"H";"SI2";62.7;57;2294;5.88;5.95;3.71
1.05;"Ideal";"G";"VS2";61.9;57;6562;6.47;6.51;4.03
0.4;"Premium";"F";"SI1";62.2;57;945;4.72;4.67;2.92
0.71;"Ideal";"D";"SI1";60.9;57;3262;5.75;5.79;3.51
1.28;"Ideal";"G";"I1";61.6;57;4428;6.93;6.96;4.28
1.05;"Ideal";"F";"VVS2";61.5;57;9138;6.51;6.57;4.02
0.37;"Premium";"D";"SI1";62.7;58;874;4.58;4.55;2.86
1.1;"Ideal";"J";"SI2";60.1;57;4624;6.77;6.74;4.06
1;"Premium";"F";"SI1";62.3;59;5292;6.43;6.37;3.99
1.09;"Very Good";"D";"SI2";59.2;63;4322;6.71;6.67;3.96
0.57;"Ideal";"G";"VVS2";61.7;56;2095;5.3;5.33;3.28
1.17;"Very Good";"H";"SI1";63.1;56;4652;6.76;6.71;4.25
0.53;"Very Good";"J";"VS1";61.4;56;1106;5.19;5.23;3.2
0.5;"Premium";"E";"SI2";61;62;1097;5.13;5.09;3.12
0.31;"Ideal";"D";"VS2";62.7;57;942;4.34;4.3;2.71
0.35;"Ideal";"I";"VS2";59.8;57;491;4.59;4.6;2.75
1.01;"Premium";"F";"SI2";61.7;60;4616;6.42;6.36;3.94
0.87;"Ideal";"E";"SI2";60.4;58;3566;6.19;6.23;3.75
0.44;"Very Good";"E";"VVS2";60.7;57;1274;4.9;4.92;2.98
0.5;"Premium";"F";"SI2";59.9;60;1125;5.22;5.16;3.11
2.02;"Premium";"G";"SI2";63;59;15014;8.05;7.95;5.03
1.01;"Premium";"G";"VS1";60.9;58;6759;6.43;6.47;3.93
0.3;"Good";"J";"VS1";63.6;52;506;4.29;4.27;2.72
0.51;"Ideal";"G";"VS1";60.2;56;1632;5.18;5.24;3.14
0.31;"Very Good";"F";"VVS1";60.7;58;767;4.36;4.4;2.66
0.32;"Ideal";"D";"VS2";62.6;55;758;4.37;4.39;2.74
0.64;"Good";"F";"IF";58.6;61;2980;5.69;5.71;3.34
1.01;"Premium";"F";"VS2";62.2;60;6416;6.37;6.4;3.97
0.7;"Premium";"I";"SI2";63;56;1715;5.71;5.63;3.57
1.22;"Premium";"H";"SI2";60.2;56;5466;6.96;6.93;4.18
1.06;"Premium";"I";"SI1";61.9;57;4452;6.61;6.51;4.06
0.24;"Very Good";"F";"VVS1";59.4;60;478;4.04;4.08;2.41
0.54;"Ideal";"F";"VS2";59.8;58;1680;5.29;5.34;3.18
0.9;"Very Good";"E";"SI2";61.6;58;3715;6.18;6.23;3.82
0.32;"Ideal";"G";"VS2";61.6;57;720;4.41;4.39;2.71
0.32;"Ideal";"G";"VS2";61.4;57;561;4.39;4.4;2.7
1.08;"Ideal";"G";"SI2";61.3;57;5057;6.55;6.64;4.04
0.25;"Premium";"E";"VS1";61.5;60;435;4.02;4.04;2.48
0.41;"Very Good";"E";"VS1";62.2;58;954;4.74;4.78;2.96
1.1;"Ideal";"F";"VS2";61.4;56;7453;6.64;6.68;4.09
1.03;"Very Good";"F";"VS2";62.3;59;6153;6.39;6.45;4
1.5;"Good";"E";"SI2";63.9;58;8910;7.21;7.26;4.62
1.61;"Ideal";"E";"SI2";61.6;56;9961;7.54;7.62;4.67
0.42;"Premium";"F";"VS1";61.9;55;1103;4.82;4.78;2.97
0.33;"Ideal";"D";"VS1";61.7;55;739;4.47;4.48;2.76
1.51;"Good";"G";"VS1";64;57;12319;7.31;7.2;4.64
0.72;"Ideal";"I";"VVS2";61;57;2602;5.81;5.84;3.55
0.31;"Ideal";"E";"SI2";61.7;56;435;4.35;4.4;2.7
0.32;"Premium";"G";"VVS1";60.9;61;1080;4.4;4.37;2.67
0.9;"Very Good";"I";"VS2";62.4;58;3398;6.12;6.16;3.83
0.32;"Ideal";"G";"VS2";62.4;55;524;4.36;4.39;2.73
0.51;"Very Good";"G";"VS1";62.7;58;1599;5.05;5.09;3.18
1.29;"Premium";"G";"SI2";62;58;5996;7.03;6.97;4.34
0.7;"Good";"D";"VS2";63.9;58;3033;5.62;5.58;3.58
0.45;"Premium";"F";"SI1";61.1;58;1046;4.97;4.95;3.03
0.71;"Very Good";"I";"SI1";60.2;58;2063;5.76;5.83;3.49
0.31;"Premium";"E";"SI1";62.7;58;605;4.35;4.32;2.72
1.22;"Premium";"I";"SI2";61.5;61;4735;6.89;6.83;4.22
0.3;"Premium";"G";"VVS2";62;60;684;4.25;4.33;2.66
0.9;"Very Good";"G";"SI1";63.6;57;3718;6.07;6.13;3.88
1;"Premium";"F";"SI1";61.8;58;5151;6.44;6.37;3.96
0.3;"Ideal";"G";"SI1";60.6;57;487;4.34;4.37;2.63
0.54;"Very Good";"D";"VS2";60.7;57;2113;5.24;5.29;3.2
1;"Ideal";"J";"VS1";62.3;56;4032;6.43;6.38;3.99
0.4;"Ideal";"G";"VS1";60.7;57;877;4.77;4.78;2.9
0.34;"Ideal";"G";"IF";61.2;56;974;4.53;4.55;2.78
0.72;"Ideal";"F";"VS1";60.7;57;3759;5.79;5.87;3.54
0.3;"Premium";"F";"VS2";62.8;58;776;4.28;4.25;2.68
0.6;"Premium";"F";"SI2";58.9;59;1378;5.55;5.52;3.26
1.99;"Premium";"G";"SI2";59.1;61;11486;8.08;8.05;4.77
0.28;"Ideal";"H";"VS1";61.8;57;497;4.2;4.22;2.6
0.33;"Premium";"E";"VS1";60.9;58;781;4.45;4.49;2.72
0.75;"Premium";"F";"VS2";61.6;58;3013;5.84;5.89;3.61
1.35;"Premium";"G";"SI1";62.4;58;5799;7.07;6.97;4.38
0.32;"Ideal";"G";"IF";61.5;55;905;4.4;4.42;2.71
1;"Good";"G";"SI1";63.9;58;4218;6.26;6.32;4.02
0.76;"Ideal";"H";"SI1";62.4;55;2371;5.87;5.83;3.65
1.07;"Ideal";"F";"VS2";61;54;7564;6.59;6.62;4.03
1.19;"Ideal";"E";"SI1";61.3;57;6911;6.81;6.83;4.18
0.51;"Premium";"D";"VS2";62;60;1807;5.12;5.07;3.16
2.02;"Very Good";"F";"SI1";60.1;60;17658;8.21;8.29;4.96
0.73;"Ideal";"D";"VS1";61.1;57;3509;5.85;5.81;3.56
1.07;"Very Good";"H";"SI2";61.8;63;3296;6.57;6.47;4.03
1.52;"Premium";"F";"VS1";61;58;15522;7.42;7.39;4.52
1.43;"Ideal";"J";"SI1";62.1;58;6546;7.23;7.16;4.47
0.4;"Ideal";"J";"SI1";61.4;55;612;4.75;4.8;2.93
0.61;"Good";"F";"VS2";63;64.2;1971;5.29;5.32;3.34
0.32;"Ideal";"E";"VS1";61.6;57;758;4.35;4.39;2.69
1.44;"Premium";"E";"I1";61.1;62;5161;7.23;7.15;4.39
0.56;"Ideal";"D";"SI1";62.3;56;1814;5.33;5.26;3.3
1.28;"Ideal";"G";"VVS2";61.2;54;10839;7.03;7.06;4.31
0.58;"Ideal";"D";"SI2";61.2;57;1442;5.4;5.36;3.29
0.29;"Ideal";"E";"IF";61.9;57;815;4.25;4.29;2.64
0.7;"Premium";"G";"SI1";59.9;58;2016;5.8;5.68;3.44
0.34;"Ideal";"G";"IF";61.7;55;1084;4.5;4.48;2.77
1.54;"Fair";"E";"SI1";64.7;56;12581;7.28;7.22;4.69
0.72;"Good";"H";"SI1";63.7;59;2277;5.63;5.68;3.6
1.01;"Ideal";"F";"VVS2";61.8;56;8688;6.49;6.46;4
0.53;"Premium";"G";"VS2";62;58;1607;5.21;5.18;3.22
2.39;"Premium";"H";"SI1";60.6;58;16687;8.65;8.58;5.22
0.38;"Premium";"F";"VS1";60.9;58;933;4.68;4.71;2.86
1;"Very Good";"D";"SI1";62.1;58;5390;6.34;6.45;3.97
2.2;"Premium";"J";"VS1";61.7;59;15064;8.3;8.34;5.13
0.42;"Very Good";"G";"VS2";60.1;61;847;4.81;4.84;2.9
1.2;"Very Good";"G";"SI2";62.9;54;5321;6.76;6.79;4.26
0.32;"Ideal";"E";"VS2";61.7;56;639;4.39;4.43;2.72
0.31;"Premium";"G";"VVS1";62.2;59;1046;4.32;4.3;2.68
0.31;"Good";"D";"SI2";63.9;57;462;4.28;4.33;2.75
1.11;"Very Good";"H";"SI2";59;59;4584;6.79;6.82;4.02
0.41;"Ideal";"F";"VVS2";61.2;56;1323;4.78;4.82;2.94
0.32;"Ideal";"G";"VVS1";61.4;57;814;4.42;4.44;2.72
1.5;"Very Good";"H";"VS1";63.4;59;10652;7.13;7.2;4.54
0.32;"Premium";"G";"SI1";62;55;612;4.43;4.41;2.74
1.01;"Good";"F";"VS1";61.8;57;6626;6.34;6.44;3.95
0.3;"Ideal";"F";"IF";60.9;57;873;4.35;4.38;2.66
1.02;"Very Good";"D";"SI2";62.8;55;4964;6.38;6.46;4.03
0.41;"Ideal";"H";"IF";61.8;55;1100;4.79;4.82;2.97
1.27;"Ideal";"J";"SI2";61.2;56;5021;6.99;6.95;4.27
0.31;"Ideal";"H";"VS1";62.6;55;698;4.35;4.31;2.71
0.31;"Ideal";"D";"SI1";62.4;53;732;4.35;4.33;2.71
0.57;"Ideal";"D";"VS2";61.7;57;1865;5.3;5.33;3.28
1;"Good";"G";"SI1";63.9;60;4737;6.22;6.27;3.99
0.54;"Very Good";"F";"VVS2";60.2;59;2198;5.27;5.3;3.18
1;"Very Good";"D";"SI2";59.4;60;4543;6.48;6.56;3.87
0.32;"Very Good";"D";"SI1";63.3;57;756;4.38;4.37;2.77
1.24;"Premium";"G";"VS1";62;55;8449;6.95;6.89;4.29
0.38;"Ideal";"F";"IF";62.2;54;1218;4.65;4.68;2.9
0.75;"Ideal";"D";"SI2";62.2;55;2757;5.83;5.87;3.64
0.64;"Good";"D";"SI1";57.7;57;1838;5.69;5.75;3.3
0.3;"Very Good";"H";"SI1";63.4;57;540;4.31;4.27;2.72
1.01;"Very Good";"I";"SI1";60.9;59;4207;6.39;6.45;3.91
0.44;"Ideal";"H";"IF";62;57;1255;4.87;4.91;3.02
0.32;"Ideal";"I";"VS2";63;56;576;4.42;4.38;2.77
0.34;"Premium";"D";"VS2";59.3;59;687;4.55;4.59;2.71
0.56;"Very Good";"J";"SI1";60.3;59;957;5.3;5.34;3.21
1.09;"Premium";"G";"VS1";60.2;61;7422;6.71;6.64;4.02
1.51;"Premium";"G";"VS2";59.2;61;12229;7.48;7.44;4.42
1.16;"Premium";"F";"SI2";61.2;61;4820;6.77;6.74;4.14
0.69;"Ideal";"F";"SI1";61.3;55;2459;5.72;5.74;3.51
0.7;"Very Good";"G";"SI1";63.3;57;2088;5.58;5.63;3.55
1.22;"Ideal";"F";"SI1";62.8;55;6456;6.87;6.79;4.29
0.55;"Very Good";"I";"VS2";58.5;62.2;1235;5.39;5.4;3.16
0.57;"Ideal";"F";"VS2";61.6;55;1737;5.35;5.37;3.3
0.74;"Good";"F";"SI2";59.3;61;2190;5.87;5.97;3.51
0.62;"Fair";"F";"SI1";55.1;66;1641;5.85;5.7;3.18
1.27;"Very Good";"J";"SI1";60.9;59;5224;6.96;7.04;4.26
0.33;"Very Good";"G";"VVS2";63;56;672;4.42;4.47;2.8
0.3;"Ideal";"G";"VVS2";61.1;58;638;4.33;4.35;2.65
0.32;"Premium";"G";"VS1";59.2;59;828;4.47;4.45;2.64
0.7;"Ideal";"J";"SI2";61.6;57;1826;5.68;5.65;3.49
0.7;"Very Good";"F";"VVS1";60.6;60;3536;5.67;5.7;3.45
2.23;"Very Good";"J";"SI2";60.5;61;12655;8.4;8.47;5.1
0.27;"Ideal";"E";"VVS2";62.2;55;799;4.17;4.12;2.58
0.56;"Ideal";"G";"IF";61.8;56;2442;5.28;5.34;3.28
0.47;"Ideal";"J";"SI1";60.6;54;983;5.04;5;3.09
0.34;"Ideal";"D";"VS2";62.1;55;805;4.46;4.49;2.78
0.49;"Premium";"E";"SI2";61.7;57;949;5.08;5.06;3.13
0.55;"Ideal";"D";"VS2";58.5;58;2079;5.42;5.39;3.16
0.75;"Very Good";"F";"SI1";63.7;58;2693;5.73;5.77;3.66
0.32;"Ideal";"F";"VVS1";61;56;828;4.42;4.47;2.71
0.42;"Ideal";"I";"VVS1";62.4;57;945;4.83;4.79;3
0.42;"Premium";"G";"VVS1";60.2;59;1179;4.82;4.84;2.91
1;"Premium";"D";"SI1";60.3;59;5775;6.44;6.47;3.89
0.73;"Ideal";"H";"VVS2";61.6;56;2846;5.79;5.84;3.58
0.7;"Very Good";"H";"SI1";62;60;2048;5.65;5.7;3.52
0.51;"Ideal";"H";"VS2";60.1;60;1428;5.19;5.14;3.1
0.7;"Ideal";"F";"SI2";65;53;2394;5.61;5.56;3.63
0.33;"Ideal";"F";"VS2";61.9;55;666;4.43;4.46;2.75
0.9;"Ideal";"E";"VS2";62;59;5439;6.17;6.21;3.84
1.56;"Good";"H";"SI2";59.2;59;7554;7.46;7.54;4.44
1;"Premium";"G";"VS2";62.1;58;5242;6.43;6.39;3.98
0.36;"Ideal";"F";"VS2";62;55;932;4.58;4.55;2.83
0.4;"Ideal";"G";"IF";62;56;1229;4.73;4.76;2.94
1.87;"Premium";"E";"SI1";61.9;58;16232;7.94;7.88;4.9
1.5;"Good";"H";"VS2";61.2;61;10291;7.25;7.32;4.46
0.52;"Ideal";"G";"VS2";61.2;56;1586;5.16;5.2;3.17
1;"Very Good";"F";"SI2";62.6;59;4901;6.34;6.38;3.98
1.01;"Very Good";"H";"SI1";63.1;59;4836;6.36;6.32;4
0.34;"Very Good";"D";"SI1";60.2;60;626;4.5;4.54;2.72
0.74;"Ideal";"I";"VS1";60.7;55;2609;5.84;5.88;3.56
0.76;"Ideal";"F";"VS2";61.9;57;3648;5.83;5.86;3.62
0.51;"Ideal";"D";"SI1";62.9;57;1574;5.12;5.09;3.21
0.34;"Premium";"I";"VVS1";62.6;58;626;4.45;4.47;2.79
0.43;"Ideal";"J";"IF";62.4;56;890;4.84;4.87;3.03
1.12;"Premium";"F";"VVS2";62.4;59;10211;6.66;6.58;4.13
0.31;"Premium";"F";"VS2";61.6;58;625;4.35;4.38;2.69
0.79;"Ideal";"D";"SI1";61.2;57;3605;5.94;5.98;3.65
0.9;"Premium";"G";"VVS2";63;58;4486;6.15;6.07;3.85
1.2;"Very Good";"I";"VS1";62.4;56;6167;6.78;6.74;4.22
0.53;"Ideal";"H";"VS2";61.7;54;1604;5.23;5.2;3.22
1.01;"Good";"F";"VS2";61.7;58;6288;6.3;6.34;3.9
0.7;"Very Good";"E";"SI1";61.9;60;2496;5.6;5.67;3.49
0.73;"Ideal";"D";"SI2";62.4;56;2683;5.74;5.77;3.59
0.5;"Premium";"E";"VS2";61.8;59;1629;5.12;5.08;3.15
0.59;"Ideal";"F";"SI2";59.5;57;1221;5.5;5.54;3.28
1.76;"Premium";"E";"SI1";60.5;58;15805;7.93;7.84;4.77
1.01;"Premium";"F";"SI2";62.6;60;4497;6.37;6.35;3.98
0.56;"Ideal";"I";"VS2";62.2;57;1417;5.27;5.28;3.28
1.55;"Ideal";"E";"SI2";62.3;55;6901;7.44;7.37;4.61
1.56;"Very Good";"I";"SI1";61.3;57;9494;7.48;7.54;4.6
0.27;"Ideal";"H";"VVS2";62.2;56;527;4.15;4.18;2.59
0.51;"Ideal";"F";"VS2";62.6;55;1875;5.15;5.1;3.21
0.56;"Premium";"E";"VS1";62.6;58;1930;5.23;5.28;3.29
1.52;"Ideal";"I";"VS1";61.8;55;10851;7.38;7.41;4.57
0.57;"Premium";"I";"VVS1";62.1;58;1608;5.25;5.32;3.28
0.34;"Premium";"F";"SI2";60;58;447;4.55;4.58;2.74
0.52;"Ideal";"D";"VS1";61;56;2010;5.2;5.23;3.18
1.32;"Good";"J";"SI1";63.5;57;4573;6.95;6.98;4.42
0.31;"Very Good";"H";"VVS1";63;58;707;4.33;4.37;2.74
1.1;"Good";"G";"SI2";64.2;56;4084;6.55;6.51;4.19
1.08;"Ideal";"H";"SI1";60.6;59;5756;6.61;6.65;4.02
0.39;"Ideal";"H";"VS2";62.3;55;707;4.67;4.7;2.92
2.17;"Very Good";"H";"SI2";58.8;62;14625;8.48;8.53;5
0.32;"Premium";"G";"VS1";62.8;58;828;4.39;4.34;2.74
0.49;"Premium";"F";"VS2";59.2;57;1261;5.21;5.16;3.07
0.41;"Ideal";"F";"VVS1";60.3;56;1295;4.8;4.85;2.91
0.4;"Premium";"F";"VS2";61;58;842;4.72;4.79;2.9
0.32;"Ideal";"G";"VS1";61.2;56;645;4.39;4.43;2.7
0.3;"Good";"H";"SI1";63.7;57;432;4.26;4.28;2.72
0.59;"Very Good";"E";"SI1";61.3;58;1748;5.41;5.45;3.33
0.3;"Ideal";"F";"VVS1";62.2;57;814;4.28;4.31;2.67
0.34;"Ideal";"E";"VS1";62.1;56;805;4.48;4.5;2.79
0.31;"Ideal";"D";"VS2";61.9;56;734;4.37;4.38;2.71
0.5;"Ideal";"H";"VS2";62.3;54;1279;5.11;5.13;3.19
0.4;"Good";"E";"SI2";63.9;57;622;4.65;4.71;2.99
0.36;"Ideal";"F";"SI1";59.7;57;644;4.69;4.72;2.81
1.51;"Fair";"H";"SI2";65.4;60;6291;7.06;6.96;4.6
0.71;"Ideal";"H";"VS1";62.2;57;2559;5.66;5.73;3.54
0.3;"Ideal";"H";"IF";60.8;56;1013;4.37;4.35;2.65
1.01;"Premium";"G";"SI1";62.7;59;4808;6.41;6.35;4
0.41;"Premium";"E";"SI1";62.8;58;904;4.77;4.72;2.98
0.37;"Premium";"F";"VS2";62.7;58;746;4.55;4.58;2.86
0.5;"Good";"G";"VVS2";64.1;56;1791;5.06;5.02;3.23
0.7;"Ideal";"D";"SI2";62;57;2415;5.68;5.65;3.51
0.72;"Premium";"E";"VS2";60.3;59;2822;5.84;5.8;3.51
0.33;"Premium";"E";"VVS2";61.3;59;741;4.44;4.47;2.73
0.4;"Premium";"D";"VS2";62.5;59;982;4.66;4.72;2.93
1.64;"Premium";"I";"SI2";61.3;58;8743;7.62;7.58;4.66
0.91;"Good";"G";"VS1";63.6;60;4209;6.11;6.03;3.86
0.72;"Ideal";"G";"VS1";61.6;56;3478;5.75;5.78;3.55
0.4;"Ideal";"E";"VVS2";62.1;56;1238;4.73;4.7;2.93
1.5;"Premium";"F";"VS2";61.3;61;14372;7.36;7.33;4.5
1.12;"Premium";"D";"SI2";58.2;60;5107;6.9;6.81;3.99
0.3;"Premium";"G";"VS1";61.2;59;776;4.32;4.28;2.63
1.11;"Premium";"E";"SI1";61.3;58;5908;6.66;6.61;4.07
0.41;"Ideal";"G";"VVS1";61.8;55;1230;4.78;4.76;2.95
0.72;"Ideal";"G";"VS2";61.5;55;2952;5.76;5.79;3.55
1.55;"Premium";"J";"SI1";62.5;58;7502;7.36;7.4;4.61
1.07;"Ideal";"G";"VS1";62.2;56;7748;6.53;6.56;4.07
0.3;"Premium";"F";"VVS2";62.4;58;945;4.28;4.25;2.66
1.12;"Premium";"H";"VS2";60.6;59;6052;6.77;6.7;4.08
0.33;"Very Good";"I";"SI1";62.8;58;445;4.39;4.43;2.77
0.34;"Ideal";"F";"VS2";62.5;55;686;4.48;4.51;2.81
0.7;"Very Good";"G";"VVS2";61;59;3039;5.67;5.7;3.47
1.03;"Very Good";"H";"SI2";61.3;56;4745;6.5;6.53;3.99
0.25;"Very Good";"E";"VVS2";63;57;575;4;4.06;2.54
1.06;"Premium";"G";"VVS2";59.6;58;8149;6.65;6.61;3.95
0.96;"Ideal";"G";"SI2";62.1;57;3871;6.32;6.27;3.91
0.3;"Very Good";"G";"SI1";59.5;63;574;4.32;4.29;2.56
0.3;"Ideal";"G";"VS2";63;55;675;4.31;4.29;2.71
2.01;"Premium";"I";"VS2";60.3;58;17826;8.22;8.16;4.94
2.2;"Ideal";"I";"VS1";61.4;57;15092;8.41;8.37;5.15
0.7;"Ideal";"F";"SI1";61.5;56;2348;5.74;5.7;3.52
1.54;"Ideal";"F";"VS2";61.8;56;17240;7.36;7.39;4.56
0.42;"Ideal";"E";"VS1";60.9;57;1372;4.83;4.86;2.95
0.9;"Good";"E";"SI2";62.1;63;3724;6.09;6.12;3.79
1.07;"Ideal";"F";"VVS2";60.3;55;10093;6.65;6.68;4.02
0.35;"Premium";"D";"SI1";60.2;57;827;4.61;4.56;2.76
2.06;"Premium";"I";"SI1";60.8;60;15716;8.25;8.16;4.99
0.88;"Ideal";"H";"SI1";61.6;56;3557;6.13;6.17;3.79
1.02;"Ideal";"H";"SI2";59.8;58;4742;6.55;6.59;3.93
0.5;"Premium";"E";"SI1";61.4;62;1238;5.1;5.07;3.12
0.3;"Very Good";"G";"VS1";61.4;58;605;4.32;4.35;2.66
0.32;"Premium";"H";"VS2";60.5;59;505;4.39;4.43;2.67
0.71;"Ideal";"D";"VS2";62.1;56;3321;5.71;5.75;3.56
0.26;"Very Good";"G";"VVS2";62.3;56;486;4.07;4.09;2.54
0.3;"Ideal";"E";"SI1";62.9;57;675;4.3;4.25;2.69
0.71;"Very Good";"E";"VS2";63.3;59;2922;5.62;5.66;3.57
0.71;"Ideal";"F";"VVS2";61.2;55;3705;5.73;5.84;3.54
1.12;"Ideal";"G";"SI1";62;55;5551;6.68;6.65;4.13
0.53;"Ideal";"H";"VS1";61.8;56;1678;5.22;5.26;3.24
1.5;"Premium";"E";"VS2";59.4;62;12587;7.48;7.4;4.42
0.41;"Premium";"G";"VS2";59.9;59;1061;4.86;4.82;2.9
0.5;"Fair";"F";"VS1";62.9;68;1348;5.02;4.96;3.14
0.3;"Ideal";"D";"VS2";61.6;57;911;4.33;4.3;2.66
1.08;"Very Good";"G";"SI2";63.2;57;4318;6.54;6.5;4.12
1.23;"Ideal";"I";"SI2";62.3;55;4773;6.85;6.82;4.26
1.54;"Premium";"D";"SI1";63;59;13316;7.35;7.31;4.62
0.32;"Very Good";"D";"SI1";63.5;55;756;4.35;4.31;2.75
1.47;"Premium";"H";"SI2";59.3;59;7573;7.39;7.34;4.37
0.32;"Ideal";"I";"VVS1";61.7;55;756;4.4;4.39;2.71
1;"Good";"F";"VS2";63.4;56;5505;6.27;6.35;4
1.51;"Very Good";"I";"VS1";61.8;63;9640;7.34;7.28;4.52
0.9;"Ideal";"H";"SI1";61.6;56;4740;6.17;6.23;3.82
0.4;"Good";"E";"VS1";63.8;57;1138;4.72;4.69;3
1.01;"Very Good";"I";"SI1";64.4;54;4805;6.31;6.4;4.09
0.71;"Ideal";"E";"SI1";61.7;56;2704;5.72;5.69;3.52
0.41;"Premium";"G";"VS2";60.8;59;827;4.78;4.8;2.91
0.31;"Premium";"H";"VVS2";60.6;60;625;4.34;4.38;2.64
1.05;"Premium";"J";"SI2";60.9;60;3457;6.59;6.51;3.99
1.2;"Very Good";"G";"SI1";63.2;59;5665;6.77;6.74;4.27
0.51;"Ideal";"E";"VS2";62.6;55;1656;5.08;5.11;3.19
0.39;"Ideal";"F";"VVS1";62.1;55;1124;4.69;4.71;2.92
0.96;"Fair";"E";"SI2";53.1;63;2815;6.73;6.65;3.55
0.31;"Ideal";"H";"IF";61.4;57;772;4.36;4.39;2.68
1.51;"Very Good";"J";"SI1";62.4;58;7136;7.27;7.32;4.55
1.09;"Ideal";"E";"IF";60.1;58;15193;6.68;6.72;4.03
0.33;"Ideal";"G";"VS1";62.3;54;666;4.45;4.48;2.78
0.45;"Premium";"F";"SI2";62.6;57;996;4.94;4.87;3.07
0.42;"Ideal";"D";"SI1";61.9;56;1040;4.84;4.82;2.99
0.48;"Very Good";"F";"VVS1";62.3;55;1914;5.02;5.05;3.13
0.55;"Very Good";"I";"SI2";63.1;58;1041;5.15;5.19;3.26
0.35;"Ideal";"G";"VS1";62.1;56;906;4.56;4.52;2.82
0.4;"Very Good";"F";"VS1";60.4;61;982;4.74;4.77;2.87
0.53;"Ideal";"E";"VS2";61.4;56;1721;5.21;5.24;3.21
1.1;"Premium";"G";"VS2";60.2;58;6653;6.75;6.71;4.05
0.27;"Premium";"E";"VVS2";59;59;799;4.27;4.24;2.51
0.3;"Ideal";"F";"VVS1";61.9;56;814;4.3;4.33;2.67
0.66;"Ideal";"H";"SI1";60.9;55;1780;5.63;5.7;3.45
0.27;"Very Good";"E";"VVS2";60.5;60;544;4.19;4.2;2.54
0.5;"Very Good";"H";"SI1";63.5;56;1089;5.01;5.04;3.19
0.91;"Very Good";"F";"SI1";62.3;60;4049;6.08;6.15;3.81
0.73;"Ideal";"F";"VS2";62.7;53;2762;5.8;5.75;3.62
0.42;"Very Good";"G";"VS2";60.1;61;847;4.79;4.86;2.9
0.38;"Very Good";"E";"VVS2";59.7;63;1157;4.71;4.73;2.82
0.9;"Ideal";"G";"VVS2";61.9;56;5335;6.15;6.22;3.83
1.04;"Ideal";"G";"VS2";61.8;56;6290;6.5;6.47;4.01
0.43;"Very Good";"I";"VVS2";62.8;58;850;4.8;4.82;3.02
0.43;"Ideal";"G";"SI1";61.7;55;818;4.89;4.87;3.01
0.97;"Fair";"J";"SI2";60.8;67;2538;6.41;6.32;3.87
1.6;"Ideal";"H";"IF";61.5;53;16300;7.57;7.69;4.66
2.14;"Premium";"G";"SI2";60.7;59;13540;8.37;8.31;5.06
0.72;"Ideal";"G";"VVS2";61.2;57;3352;5.76;5.77;3.53
0.34;"Very Good";"I";"VVS2";63.1;56;765;4.47;4.43;2.81
0.23;"Ideal";"E";"VVS2";62.8;57;530;3.91;3.96;2.47
0.26;"Very Good";"E";"VVS2";61.7;60;599;4.11;4.12;2.54
0.29;"Ideal";"H";"IF";62.1;55;607;4.26;4.29;2.65
1.01;"Ideal";"D";"SI1";62.4;54;5147;6.52;6.38;4.03
0.41;"Ideal";"G";"VVS1";61.7;55;1151;4.77;4.79;2.95
0.31;"Very Good";"F";"VS1";60.9;56;675;4.37;4.38;2.66
1.62;"Ideal";"F";"SI1";62.7;56;12828;7.5;7.44;4.68
2.01;"Fair";"G";"SI2";63.8;59;14799;7.77;7.87;4.99
0.31;"Ideal";"E";"VVS2";61.4;57;791;4.37;4.39;2.69
0.41;"Premium";"I";"VVS2";62.4;60;1061;4.73;4.7;2.94
1.01;"Ideal";"D";"VVS2";61.7;57;10761;6.43;6.47;3.98
0.32;"Ideal";"F";"VVS2";62.1;54;786;4.41;4.44;2.75
0.91;"Fair";"G";"VS2";64.9;54;4860;6.04;6.08;3.93
1.02;"Ideal";"I";"VS2";60.8;57;4281;6.42;6.5;3.93
1.21;"Premium";"H";"VS2";59.3;60;6974;6.99;6.93;4.13
1.33;"Premium";"I";"SI2";59.7;59;5094;7.21;7.15;4.29
1.11;"Ideal";"E";"IF";61.8;55;15464;6.65;6.69;4.12
1.01;"Very Good";"F";"VS1";62.9;58;7455;6.29;6.31;3.96
0.91;"Ideal";"G";"SI2";61.6;56;3985;6.24;6.22;3.84
0.74;"Very Good";"F";"VS2";61.3;61;2775;5.8;5.84;3.57
1.63;"Premium";"G";"SI2";62.5;57;9730;7.57;7.54;4.72
0.36;"Ideal";"D";"VS2";61.8;56;852;4.56;4.6;2.83
0.38;"Premium";"E";"VS2";61.8;58;1112;4.64;4.61;2.86
1.2;"Ideal";"J";"SI1";61.9;57;5071;6.8;6.87;4.23
1;"Premium";"F";"SI2";61.3;61;4452;6.39;6.36;3.91
0.34;"Ideal";"I";"VS1";62.6;56;689;4.47;4.44;2.79
0.26;"Ideal";"G";"SI1";61.8;55;377;4.08;4.11;2.53
1.01;"Fair";"H";"VS1";67.1;59;3676;6.16;6.09;4.11
0.57;"Ideal";"G";"SI1";62;55;1662;5.35;5.32;3.31
0.73;"Ideal";"E";"SI1";61.9;57;2581;5.74;5.79;3.57
1.54;"Very Good";"G";"VVS2";61.1;55;15225;7.5;7.53;4.59
2.08;"Good";"I";"SI2";57;63;11313;8.49;8.45;4.83
1.25;"Very Good";"F";"SI2";58;63;5851;7.16;7.06;4.13
0.53;"Ideal";"G";"SI1";62.7;55;1308;5.15;5.19;3.24
0.41;"Ideal";"H";"VS2";61.7;56;1163;4.77;4.79;2.95
1.71;"Ideal";"I";"SI2";61.1;55;10438;7.78;7.73;4.74
0.76;"Good";"I";"SI1";64.3;60;2326;5.69;5.64;3.64
1.17;"Ideal";"J";"VS1";62.5;57;5242;6.68;6.63;4.16
0.3;"Very Good";"I";"SI1";60.5;62;394;4.33;4.37;2.63
0.71;"Very Good";"H";"SI1";62.4;58;2076;5.67;5.7;3.55
0.32;"Ideal";"H";"IF";61.9;54.2;783;4.38;4.42;2.72
0.56;"Ideal";"D";"SI1";62.3;56;1723;5.26;5.33;3.3
0.3;"Premium";"H";"VVS2";60.6;58;776;4.35;4.33;2.63
1.51;"Premium";"F";"VS2";62.5;58;14294;7.36;7.21;4.55
1.2;"Ideal";"I";"SI1";62.2;57;4368;6.8;6.77;4.22
1.41;"Premium";"E";"VS2";62.7;56;11644;7.18;7.1;4.48
